{"kappa": {"times": [0.0, 0.25, 0.5, 0.75, 1.0, 1.25, 1.5, 1.75, 2.0, 2.25, 2.5, 2.75, 3.0, 3.25, 3.5, 3.75, 4.0, 4.25, 4.5, 4.75, 5.0, 5.25, 5.5, 5.75, 6.0, 6.25, 6.5, 6.75, 7.0, 7.25, 7.5, 7.75, 8.0, 8.25, 8.5, 8.75, 9.0, 9.25, 9.5, 9.75, 10.0, 10.25, 10.5], "values": [2.014763227215412, 2.1497376322555315, 1.5941433511540037, 2.346154102539426, 1.2714568025557331, 2.4610636783144817, 2.09257282751059, 2.560912872079869, 2.2687385019386435, 2.2997717287738193, 2.023289086252716, 2.177734582957916, 2.1055531373119214, 2.2928402197065965, 2.18293772736349, 2.2811586557509163, 1.384285529067584, 2.101415164052669, 1.3590201608737704, 1.9808395049140157, 1.2603231955195784, 2.0884480384571096, 1.6782901226419389, 2.3021958100298674, 1.1175354593665514, 4.52170818307358, 1.6701072745375476, 2.2379557914504495, 1.2096588980498888, 1.0552644559260862, 4.872203489364411, 2.0629458764255886, 2.575177824637888, 2.546372144042377, 2.1363181309169716, 1.2379303225936837, 2.1964295443057065, 2.0767380292283755, 2.0448190784884543, 1.9016140725907846, 1.7717418785476742, 1.7717418785476742, 2.357228808340786]}, "volofvar": {"times": [0.0, 0.25, 0.5, 0.75, 1.0, 1.25, 1.5, 1.75, 2.0, 2.25, 2.5, 2.75, 3.0, 3.25, 3.5, 3.75, 4.0, 4.25, 4.5, 4.75, 5.0, 5.25, 5.5, 5.75, 6.0, 6.25, 6.5, 6.75, 7.0, 7.25, 7.5, 7.75, 8.0, 8.25, 8.5, 8.75, 9.0, 9.25, 9.5, 9.75, 10.0, 10.25, 10.5], "values": [0.11205809081254259, 0.10013246770239756, 0.17185036880066584, 0.12200369353238497, 0.09921396029172129, 0.12770567628155838, 0.10900817303544816, 0.14785794426985474, 0.0916322302509428, 0.14066007931642677, 0.11920367713454832, 0.1573220241717988, 0.13579022204681473, 0.1573365511311965, 0.1316886209758107, 0.14612907208110737, 0.11224744932047187, 0.12860854337271868, 0.09853577608423794, 0.1210411280591488, 0.08857005607798249, 0.08800647781650406, 0.05415532550135918, 0.09644782688274434, 0.05933313620449928, 0.12507258333410548, 0.06309502661161107, 0.11373046426234698, 0.07100116765006394, 0.24889278337902176, 0.09760014081541281, 0.08141353426866574, 0.056186773800976766, 0.20707779282778382, 0.1938025406994981, 0.16334990097265883, 0.19832869287469296, 0.1815595742804636, 0.20410675586289506, 0.21079102627248547, 0.20081428885002034, 0.20081428885002034, 0.12372309279040941]}, "theta": {"times": [0.0, 0.25, 0.5, 0.75, 1.0, 1.25, 1.5, 1.75, 2.0, 2.25, 2.5, 2.75, 3.0, 3.25, 3.5, 3.75, 4.0, 4.25, 4.5, 4.75, 5.0, 5.25, 5.5, 5.75, 6.0, 6.25, 6.5, 6.75, 7.0, 7.25, 7.5, 7.75, 8.0, 8.25, 8.5, 8.75, 9.0, 9.25, 9.5, 9.75, 10.0, 10.25, 10.5], "values": [0.004509532260633167, 0.006847280940905134, 0.009275708319217929, 0.004191737905086856, 0.01348855628457387, 0.0034436733194370852, 0.012083534331797752, 0.0043530550279523164, 0.012641825554038436, 0.004773228229761113, 0.01109063744336827, 0.0058387994090694515, 0.011049114908759436, 0.00558226577337708, 0.011094157639976562, 0.005854251217283136, 0.014282468526215225, 0.004732738912757038, 0.013871388716831743, 0.00545975086727644, 0.01626074906400058, 0.004333897164047347, 0.016108019919473377, 0.002844334916007014, 0.021941609873870976, 0.005886723186246965, 0.015247736981947507, 0.0038573505781797158, 0.03861998811785348, 0.02940497212519592, 0.0009777611757016437, 0.011803651090240879, 0.020362041393412588, 0.008451375874011345, 0.00983948952058197, 0.019704153903621346, 0.009009275598127323, 0.013687204790474371, 0.011552214769863256, 0.012228992957091112, 0.013952849289415882, 0.014971020224842016, 0.023060451241239698]}, "initialvar": 0.004815512591220546, "rho": -0.3538237610667506}